AimoScore,No_1_Angle_Deviation,No_2_Angle_Deviation,No_3_Angle_Deviation,No_4_Angle_Deviation,No_5_Angle_Deviation,No_6_Angle_Deviation,No_7_Angle_Deviation,No_8_Angle_Deviation,No_9_Angle_Deviation,No_10_Angle_Deviation,No_11_Angle_Deviation,No_12_Angle_Deviation,No_13_Angle_Deviation,No_1_NASM_Deviation,No_2_NASM_Deviation,No_3_NASM_Deviation,No_4_NASM_Deviation,No_5_NASM_Deviation,No_6_NASM_Deviation,No_7_NASM_Deviation,No_8_NASM_Deviation,No_9_NASM_Deviation,No_10_NASM_Deviation,No_11_NASM_Deviation,No_12_NASM_Deviation,No_13_NASM_Deviation,No_14_NASM_Deviation,No_15_NASM_Deviation,No_16_NASM_Deviation,No_17_NASM_Deviation,No_18_NASM_Deviation,No_19_NASM_Deviation,No_20_NASM_Deviation,No_21_NASM_Deviation,No_22_NASM_Deviation,No_23_NASM_Deviation,No_24_NASM_Deviation,No_25_NASM_Deviation,No_1_Time_Deviation,No_2_Time_Deviation,EstimatedScore,Diff,Threshold
0.01,0.9421329507412721,0.877092300334768,0.7149689143950263,0.6652319464371115,0.5753228120516499,0.8058345289335246,0.41272118603538976,0.8742228598756576,0.9617407938785271,1.0,0.9622190339550454,0.9966523194643712,1.0,0.5753228120516499,0.41272118603538976,0.9421329507412721,1.0,1.0,0.9086561453849833,0.9330463892874223,0.8359636537541846,0.8000956480153036,0.6135820181731229,0.7178383548541368,0.321377331420373,0.8675274988043998,0.9560019129603061,0.45911047345767575,0.7130559540889526,0.8852223816355811,0.7393591582974653,0.9703491152558584,0.9890004782400765,0.9665231946437112,0.975609756097561,0.9789574366331899,0.8842659014825442,0.6116690578670493,0.9057867049258728,0.9158297465327594,0.991869918699187,0.9818699186991869,True
0.01,0.9230033476805356,0.9784791965566715,0.6016260162601627,0.5978000956480153,0.6953610712577714,0.7101865136298422,0.6967957914873266,0.8876135820181731,0.1563845050215208,0.9851745576279293,0.6355810616929699,0.34337637494022,0.9923481587757054,0.6953610712577714,0.6967957914873266,0.9230033476805356,0.9851745576279293,0.9923481587757054,0.47106647537063606,0.967479674796748,0.5915829746532759,0.7063605930176949,0.9603060736489718,0.9875657580105213,0.8517455762792921,0.7340985174557628,0.5848876135820181,0.5102821616451458,0.7800095648015304,0.703012912482066,0.4414155906264945,0.6709708273553324,0.65662362505978,0.6422764227642277,0.5528455284552846,0.6489717838354854,0.8866571018651362,0.6585365853658537,0.7020564323290291,0.6757532281205165,0.7996174079387852,0.7896174079387852,True
0.01,0.2797704447632712,0.4748923959827834,0.9583931133428981,0.4414155906264945,1.0,0.8029650884744142,0.9947393591582975,0.8613103778096605,0.8034433285509326,0.4844571975131516,0.8393113342898135,0.49258727881396464,0.5714968914395027,1.0,0.9947393591582975,0.2797704447632712,0.4844571975131516,0.5714968914395027,0.47106647537063606,0.6126255380200861,0.38450502152080346,0.2458153993304639,0.8335724533715926,0.8354854136776662,0.8483978957436633,0.5447154471544715,0.8216164514586323,0.8775705404112865,0.460545193687231,0.3782879005260641,0.8541367766618843,0.6709708273553324,0.8660927785748446,0.6422764227642277,0.5528455284552846,0.9569583931133429,0.8598756575801052,0.7465327594452416,0.6508847441415591,0.7369679579148732,0.9086561453849833,0.8986561453849833,True
0.01,0.9076996652319465,0.943089430894309,0.9780009564801531,0.9612625538020086,0.48971783835485416,0.43424198947871834,0.5236728837876614,0.9985652797704447,0.8818747010999521,0.5772357723577236,0.9249163079866093,0.96987087517934,0.6150167384026781,0.48971783835485416,0.5236728837876614,0.9076996652319465,0.5772357723577236,0.6150167384026781,0.9325681492109039,0.8680057388809183,0.8603538976566236,0.8244858919177427,0.8656145384983261,0.7938785270205643,0.7144906743185079,0.9612625538020086,0.9029172644667623,0.8871353419416547,0.7670970827355332,0.9990435198469632,0.8613103778096605,0.6709708273553324,0.7651841224294595,0.9230033476805356,0.8412242945958871,0.9703491152558584,0.7589670014347202,0.7661406025824964,0.8383548541367767,0.8345289335246293,0.9741750358680057,0.9641750358680057,True
0.01,0.6733620277379244,0.48732663797226206,0.3467240554758489,0.3720707795313247,0.4921090387374462,0.9794356767097083,0.8216164514586323,0.5863223338115734,0.8101386896221904,0.7450980392156863,0.8383548541367767,0.6637972262075562,0.7173601147776184,0.4921090387374462,0.8216164514586323,0.6733620277379244,0.7450980392156863,0.7173601147776184,0.9956958393113343,0.1649928263988522,0.5590626494500239,0.3931133428981349,0.5274988043998087,0.820181731229077,0.8225729316116691,0.5447154471544715,0.9842180774748924,0.6073648971783836,0.41893830703012913,0.741272118603539,0.610234337637494,0.7321855571496891,0.9646102343376375,0.8330942132950742,0.5528455284552846,0.8971783835485414,0.8034433285509326,0.683405069344811,0.7116212338593975,0.7360114777618364,0.7589670014347202,0.7489670014347202,True
0.407197108990292,0.2855093256814921,0.1759923481587757,0.3467240554758489,0.3510282161645146,0.945480631276901,0.6465805834528934,0.9134385461501674,0.5217599234815877,0.5236728837876614,0.9220468675274988,0.6527977044476327,0.8517455762792921,0.9708273553323769,0.945480631276901,0.9134385461501674,0.2855093256814921,0.9220468675274988,0.9708273553323769,0.547584887613582,0.47106647537063606,0.33907221425155426,0.4983261597321856,0.49880439980870395,0.9516977522716403,0.9124820659971306,0.5447154471544715,0.8297465327594452,0.45911047345767575,0.7479674796747967,0.3782879005260641,0.7895743663318986,0.6709708273553324,0.9450023912003825,0.6422764227642277,0.5796269727403156,0.6489717838354854,0.7546628407460545,0.9435676709708274,0.7838354854136776,0.7895743663318986,0.8871353419416547,0.4799382329513627,True
0.407197108990292,0.2797704447632712,0.15016738402678145,0.3467240554758489,0.32902917264466763,0.9521759923481588,0.6585365853658537,0.9287422285987565,0.5217599234815877,0.5561932089909134,0.9469153515064562,0.6355810616929699,0.8646580583452893,0.9569583931133429,0.9521759923481588,0.9287422285987565,0.2797704447632712,0.9469153515064562,0.9569583931133429,0.6174079387852702,0.5724533715925395,0.33907221425155426,0.39215686274509803,0.351506456241033,0.8766140602582496,0.9665231946437112,0.5447154471544715,0.21807747489239598,0.45911047345767575,0.9124820659971306,0.3782879005260641,0.4414155906264945,0.6709708273553324,0.65662362505978,0.8895265423242468,0.9521759923481588,0.8110951697752271,0.5781922525107605,0.8723098995695839,0.6848397895743663,0.7116212338593975,0.8947871831659493,0.4875900741756573,True
0.01,0.9507412721186035,0.921090387374462,0.8952654232424677,0.757532281205165,0.30416068866571017,0.9120038259206121,0.6288857006217121,0.9263510282161646,0.6843615494978479,0.5652797704447633,0.9478718316594931,0.45576279292204686,0.5260640841702535,0.30416068866571017,0.6288857006217121,0.9507412721186035,0.5652797704447633,0.5260640841702535,0.9713055954088953,0.7914873266379723,0.4332855093256815,0.6016260162601627,0.9349593495934959,0.5671927307508369,0.4696317551410808,0.8263988522238164,0.5944524151123864,0.8431372549019608,0.3548541367766619,0.8613103778096605,0.8283118125298901,0.9550454328072693,0.65662362505978,0.9445241511238642,0.6948828311812529,0.7560975609756098,0.5781922525107605,0.6771879483500718,0.8947871831659493,0.8981348637015782,0.7948350071736011,0.7848350071736011,True
0.01,0.8598756575801052,0.8479196556671449,0.6025824964131994,0.9426111908177905,0.9856527977044476,0.9560019129603061,0.973218555714969,0.9827833572453372,0.757532281205165,0.7144906743185079,0.893352462936394,0.5781922525107605,0.7140124342419895,0.9856527977044476,0.973218555714969,0.8598756575801052,0.7144906743185079,0.7140124342419895,0.9153515064562411,0.8794835007173601,0.9512195121951219,0.9316116690578671,0.9937828790052606,0.5509325681492109,0.3567670970827355,0.9244380679100909,0.6642754662840746,0.5361071257771401,0.6604495456719273,0.7991391678622669,0.8134863701578192,0.9296987087517934,0.7699665231946438,0.6422764227642277,0.7384026781444285,0.6489717838354854,0.5781922525107605,0.7379244380679101,0.8163558106169297,0.8067910090865614,0.9784791965566715,0.9684791965566715,True
0.01,0.8436154949784792,0.6451458632233381,0.5820181731229077,0.6518412242945959,0.49784791965566716,0.5566714490674318,0.37302725968436157,0.7465327594452416,0.3706360593017695,0.7981826877092301,0.7283596365375419,0.18938307030129126,0.7647058823529411,0.49784791965566716,0.37302725968436157,0.8436154949784792,0.7981826877092301,0.7647058823529411,0.7164036346245816,0.6107125777140124,0.8813964610234337,0.860832137733142,0.2864658058345289,0.8852223816355811,0.8302247728359636,0.5447154471544715,0.5193687230989957,0.45911047345767575,0.3629842180774749,0.6303204208512674,0.4414155906264945,0.6709708273553324,0.65662362505978,0.7613582018173123,0.5528455284552846,0.6489717838354854,0.5781922525107605,0.4265901482544237,0.9091343854615017,0.9177427068388331,0.40028694404591103,0.390286944045911,True
0.407379939053375,0.2797704447632712,0.1568627450980392,0.3467240554758489,0.30224772835963654,0.926829268292683,0.6733620277379244,0.9387852702056433,0.5217599234815877,0.5485413677666189,0.9306551889048302,0.6355810616929699,0.8742228598756576,0.9751315160210425,0.926829268292683,0.9387852702056433,0.2797704447632712,0.9306551889048302,0.9751315160210425,0.5767575322812052,0.5078909612625538,0.33907221425155426,0.4600669536107126,0.381635581061693,0.9191774270683883,0.9296987087517934,0.5447154471544715,0.6896221903395504,0.45911047345767575,0.8130081300813008,0.3782879005260641,0.7073170731707317,0.6709708273553324,0.890961262553802,0.6996652319464371,0.7790530846484935,0.6489717838354854,0.6025824964131994,0.9163079866092778,0.6848397895743663,0.7116212338593975,0.8354854136776662,0.42810547462429116,True
0.407197108990292,0.2797704447632712,0.13103778096604496,0.3467240554758489,0.3170731707317073,0.945480631276901,0.6465805834528934,0.9134385461501674,0.5217599234815877,0.5705404112864658,0.9626972740315638,0.6355810616929699,0.8517455762792921,0.9708273553323769,0.945480631276901,0.9134385461501674,0.2797704447632712,0.9626972740315638,0.9708273553323769,0.5624103299856528,0.4796747967479675,0.33907221425155426,0.4983261597321856,0.39646102343376377,0.9516977522716403,0.9124820659971306,0.5447154471544715,0.8297465327594452,0.45911047345767575,0.7551410808225729,0.3782879005260641,0.7895743663318986,0.6709708273553324,0.9450023912003825,0.6422764227642277,0.59636537541846,0.6489717838354854,0.7498804399808704,0.9435676709708274,0.6848397895743663,0.7116212338593975,0.8775705404112865,0.47037343142099447,True
0.407197108990292,0.2797704447632712,0.13103778096604496,0.3467240554758489,0.3170731707317073,0.945480631276901,0.6465805834528934,0.9134385461501674,0.5217599234815877,0.5705404112864658,0.9626972740315638,0.6355810616929699,0.8517455762792921,0.9708273553323769,0.945480631276901,0.9134385461501674,0.2797704447632712,0.9626972740315638,0.9708273553323769,0.5624103299856528,0.4796747967479675,0.33907221425155426,0.4983261597321856,0.39646102343376377,0.9516977522716403,0.9124820659971306,0.5447154471544715,0.8297465327594452,0.45911047345767575,0.7551410808225729,0.3782879005260641,0.7895743663318986,0.6709708273553324,0.9450023912003825,0.6422764227642277,0.59636537541846,0.6489717838354854,0.7498804399808704,0.9435676709708274,0.6848397895743663,0.7116212338593975,0.8775705404112865,0.47037343142099447,True
0.407123958077868,0.2797704447632712,0.1209947393591583,0.3467240554758489,0.3318986131037781,0.9464371114299378,0.6513629842180775,0.9139167862266858,0.5217599234815877,0.5724533715925395,0.9473935915829746,0.6355810616929699,0.8402678144428503,0.9550454328072693,0.9464371114299378,0.9139167862266858,0.2797704447632712,0.9473935915829746,0.9550454328072693,0.5815399330463893,0.5121951219512195,0.33907221425155426,0.4528933524629364,0.3768531802965088,0.9153515064562411,0.9335246293639407,0.5447154471544715,0.6542324246771879,0.45911047345767575,0.8235294117647058,0.3782879005260641,0.6896221903395504,0.6709708273553324,0.8809182209469153,0.7149689143950263,0.8029650884744142,0.6489717838354854,0.5958871353419417,0.9100908656145384,0.6848397895743663,0.7116212338593975,0.8316594930655189,0.4245355349876509,True
0.407379939053375,0.2797704447632712,0.1568627450980392,0.3467240554758489,0.30224772835963654,0.926829268292683,0.6733620277379244,0.9387852702056433,0.5217599234815877,0.5485413677666189,0.9306551889048302,0.6355810616929699,0.8742228598756576,0.9751315160210425,0.926829268292683,0.9387852702056433,0.2797704447632712,0.9306551889048302,0.9751315160210425,0.5767575322812052,0.5078909612625538,0.33907221425155426,0.4600669536107126,0.381635581061693,0.9191774270683883,0.9296987087517934,0.5447154471544715,0.6896221903395504,0.45911047345767575,0.8130081300813008,0.3782879005260641,0.7073170731707317,0.6709708273553324,0.890961262553802,0.6996652319464371,0.7790530846484935,0.6489717838354854,0.6025824964131994,0.9163079866092778,0.6848397895743663,0.7149689143950263,0.836441893830703,0.429061954777328,True
0.01,0.8359636537541846,0.7890961262553802,0.5868005738880918,0.6767097082735534,1.0,0.9450023912003825,0.9856527977044476,0.9913916786226685,0.4347202295552367,0.7924438067910091,0.9789574366331899,0.38737446197991393,0.7780966044954567,1.0,0.9856527977044476,0.8359636537541846,0.7924438067910091,0.7780966044954567,0.9340028694404591,0.9359158297465328,0.8574844571975132,0.9459588713534194,0.9966523194643712,0.713534194165471,0.7852702056432329,0.8756575801052128,0.5471066475370636,0.45911047345767575,0.2845528455284553,0.8163558106169297,0.8809182209469153,0.9588713534194165,0.65662362505978,0.8067910090865614,0.5528455284552846,0.6489717838354854,0.5781922525107605,0.9823051171688187,0.697274031563845,0.7340985174557628,0.9880439980870397,0.9780439980870397,True
0.01,0.9765662362505978,0.790052606408417,0.973218555714969,0.4418938307030129,0.5628885700621712,0.3118125298900048,0.7278813964610235,0.9947393591582975,0.9459588713534194,0.21186035389765662,0.6355810616929699,0.9890004782400765,0.18507890961262555,0.5628885700621712,0.7278813964610235,0.9765662362505978,0.21186035389765662,0.18507890961262555,0.664753706360593,0.9277857484457197,0.9296987087517934,0.8694404591104734,0.9813486370157819,0.38785270205643235,0.4294595887135342,0.896700143472023,0.9631755141080822,0.8670492587278814,0.820181731229077,0.9306551889048302,0.4414155906264945,0.6709708273553324,0.8240076518412243,0.759923481587757,0.6561453849832616,0.6489717838354854,0.7202295552367288,0.7250119560019129,0.5294117647058824,0.549976087996174,0.9555236728837877,0.9455236728837877,True
0.407123958077868,0.2797704447632712,0.12003825920612148,0.3467240554758489,0.3299856527977044,0.9473935915829746,0.6480153036824486,0.921090387374462,0.5217599234815877,0.5762792922046868,0.9426111908177905,0.6355810616929699,0.8359636537541846,0.9545671927307509,0.9473935915829746,0.921090387374462,0.2797704447632712,0.9426111908177905,0.9545671927307509,0.5791487326637972,0.5083692013390723,0.33907221425155426,0.45767575322812054,0.3797226207556193,0.9182209469153515,0.9301769488283118,0.5447154471544715,0.6857962697274032,0.45911047345767575,0.8144428503108561,0.3782879005260641,0.7039693926351028,0.6709708273553324,0.8890483022477284,0.7015781922525107,0.7814442850310857,0.6489717838354854,0.6011477761836442,0.9148732663797227,0.6848397895743663,0.7116212338593975,0.8345289335246293,0.4274049754467613,True
0.407197108990292,0.2797704447632712,0.15016738402678145,0.3467240554758489,0.32902917264466763,0.9521759923481588,0.6585365853658537,0.9287422285987565,0.5217599234815877,0.5561932089909134,0.9469153515064562,0.6355810616929699,0.8646580583452893,0.9569583931133429,0.9521759923481588,0.9287422285987565,0.2797704447632712,0.9469153515064562,0.9569583931133429,0.6174079387852702,0.5724533715925395,0.33907221425155426,0.39215686274509803,0.351506456241033,0.8766140602582496,0.9665231946437112,0.5447154471544715,0.21807747489239598,0.45911047345767575,0.9124820659971306,0.3782879005260641,0.4414155906264945,0.6709708273553324,0.65662362505978,0.8895265423242468,0.9521759923481588,0.8110951697752271,0.5781922525107605,0.8723098995695839,0.6848397895743663,0.7149689143950263,0.8952654232424677,0.48806831425217573,True
0.407123958077867,0.2797704447632712,0.13916786226685796,0.3467240554758489,0.3036824485891918,0.9282639885222381,0.6604495456719273,0.9182209469153515,0.5217599234815877,0.5619320899091343,0.9493065518890483,0.6355810616929699,0.8345289335246293,0.9540889526542324,0.9282639885222381,0.9182209469153515,0.2797704447632712,0.9493065518890483,0.9540889526542324,0.5992348158775705,0.5442372070779531,0.33907221425155426,0.4184600669536107,0.36441893830703015,0.896700143472023,0.9493065518890483,0.5447154471544715,0.4600669536107126,0.45911047345767575,0.8737446197991392,0.3782879005260641,0.5738880918220947,0.6709708273553324,0.65662362505978,0.7881396461023433,0.9076996652319465,0.6489717838354854,0.5781922525107605,0.8919177427068389,0.6848397895743663,0.7116212338593975,0.8373983739837398,0.43027441590587284,True
0.01,0.8727881396461024,0.9363940698230512,0.9383070301291249,0.5059780009564802,0.4418938307030129,0.5141080822572932,0.4763271162123386,0.5571496891439502,0.6011477761836442,0.36250597800095646,0.8680057388809183,0.991869918699187,0.25107604017216645,0.4418938307030129,0.4763271162123386,0.8727881396461024,0.36250597800095646,0.25107604017216645,0.47728359636537543,0.809660449545672,0.7881396461023433,0.7594452415112386,0.9182209469153515,0.539454806312769,0.46915351506456243,0.5447154471544715,0.9220468675274988,0.6556671449067432,0.7455762792922047,0.7508369201339072,0.7388809182209469,0.6709708273553324,0.7101865136298422,0.6422764227642277,0.5528455284552846,0.8464849354375896,0.6977522716403635,0.42898134863701576,0.9794356767097083,0.9684361549497847,0.719273075083692,0.709273075083692,True
0.407197108990292,0.2797704447632712,0.09230033476805356,0.3467240554758489,0.39646102343376377,0.9531324725011956,0.6771879483500718,0.9249163079866093,0.5217599234815877,0.47871831659493064,0.9440459110473458,0.7044476327116213,0.8440937350549976,0.9512195121951219,0.9531324725011956,0.9249163079866093,0.2797704447632712,0.9440459110473458,0.9512195121951219,0.640363462458154,0.5007173601147776,0.33907221425155426,0.46580583452893354,0.5203252032520326,0.9258727881396461,0.9239598278335724,0.5447154471544715,0.7116212338593975,0.45911047345767575,0.8010521281683405,0.3782879005260641,0.7211860353897657,0.6709708273553324,0.9005260640841702,0.6838833094213295,0.7527498804399809,0.6489717838354854,0.610234337637494,0.9206121472979436,0.8378766140602583,0.8464849354375896,0.8584409373505499,0.45124382836025795,True
0.01,0.7618364418938307,0.5485413677666189,0.9660449545671927,0.531324725011956,0.16307986609277858,0.5973218555714969,0.19416547106647536,0.6154949784791965,0.9765662362505978,0.882831181252989,0.9794356767097083,0.6370157819225251,0.8216164514586323,0.16307986609277858,0.19416547106647536,0.7618364418938307,0.882831181252989,0.8216164514586323,0.8627450980392157,0.8130081300813008,0.33907221425155426,0.47871831659493064,0.6480153036824486,0.9655667144906743,0.8565279770444764,0.9540889526542324,0.19416547106647536,0.5260640841702535,0.9531324725011956,1.0,0.4414155906264945,0.6709708273553324,0.6642754662840746,0.6422764227642277,0.5624103299856528,0.6489717838354854,0.8914395026303205,0.8287900526064084,0.9186991869918699,0.9230033476805356,0.7073170731707317,0.6973170731707317,True
0.407197108990292,0.2797704447632712,0.13103778096604496,0.3467240554758489,0.3170731707317073,0.945480631276901,0.6465805834528934,0.9134385461501674,0.5217599234815877,0.5705404112864658,0.9626972740315638,0.6355810616929699,0.8517455762792921,0.9708273553323769,0.945480631276901,0.9134385461501674,0.2797704447632712,0.9626972740315638,0.9708273553323769,0.5624103299856528,0.4796747967479675,0.33907221425155426,0.4983261597321856,0.39646102343376377,0.9516977522716403,0.9124820659971306,0.5447154471544715,0.8297465327594452,0.45911047345767575,0.7551410808225729,0.3782879005260641,0.7895743663318986,0.6709708273553324,0.9450023912003825,0.6422764227642277,0.59636537541846,0.6489717838354854,0.7498804399808704,0.9435676709708274,0.6848397895743663,0.7116212338593975,0.8775705404112865,0.47037343142099447,True
0.407123958077867,0.2797704447632712,0.13725490196078433,0.3467240554758489,0.29937828790052606,0.9143950263032042,0.6279292204686753,0.9019607843137255,0.5217599234815877,0.5432807269249164,0.9110473457675753,0.6355810616929699,0.8775705404112865,0.9273075083692014,0.9143950263032042,0.9019607843137255,0.2797704447632712,0.9110473457675753,0.9273075083692014,0.5896700143472023,0.5332376853180296,0.33907221425155426,0.4414155906264945,0.37350549976088,0.9067431850789096,0.9378287900526064,0.5447154471544715,0.6131037780966045,0.45911047345767575,0.8330942132950742,0.3782879005260641,0.6695361071257772,0.6709708273553324,0.866571018651363,0.7293161166905787,0.8302247728359636,0.6489717838354854,0.5887135341941655,0.9029172644667623,0.7369679579148732,0.7116212338593975,0.8240076518412243,0.41688369376335727,True
0.406612676449018,0.2797704447632712,0.15303682448589193,0.3467240554758489,0.32233381157340985,0.923481587757054,0.6508847441415591,0.9067431850789096,0.5217599234815877,0.5461501673840268,0.9569583931133429,0.6355810616929699,0.8560497369679579,0.9775227164036346,0.923481587757054,0.9067431850789096,0.2797704447632712,0.9569583931133429,0.9775227164036346,0.6212338593974175,0.5762792922046868,0.33907221425155426,0.3864179818268771,0.34624581539933047,0.8732663797226208,0.9693926351028216,0.5447154471544715,0.17742706838833094,0.45911047345767575,0.9177427068388331,0.3782879005260641,0.4414155906264945,0.6709708273553324,0.65662362505978,0.9000478240076518,0.9583931133428981,0.825920612147298,0.5781922525107605,0.8689622190339551,0.6848397895743663,0.7116212338593975,0.8995695839311334,0.4929569074821154,True
0.01,0.2797704447632712,0.533715925394548,0.8359636537541846,0.18890483022477284,0.5700621712099474,0.39598278335724535,0.7068388330942132,0.9464371114299378,0.1563845050215208,0.713534194165471,0.9579148732663797,0.09516977522716404,0.8388330942132951,0.5700621712099474,0.7068388330942132,0.2797704447632712,0.713534194165471,0.8388330942132951,0.912960306073649,0.1649928263988522,0.5810616929698709,0.7838354854136776,0.975609756097561,0.7699665231946438,0.9980870396939263,0.9995217599234816,0.8761358201817312,0.599713055954089,0.531324725011956,0.5954088952654233,0.4414155906264945,0.6709708273553324,0.65662362505978,1.0,1.0,1.0,0.9598278335724534,0.7393591582974653,0.14873266379722622,0.15112386417981827,0.9617407938785271,0.9517407938785271,True
0.407197108990292,0.2797704447632712,0.21712099473935917,0.3467240554758489,0.3357245337159254,0.9076996652319465,0.6853180296508847,0.9531324725011956,0.5217599234815877,0.5346724055475849,0.9206121472979436,0.6355810616929699,0.8928742228598756,0.9359158297465328,0.9076996652319465,0.9531324725011956,0.2797704447632712,0.9206121472979436,0.9359158297465328,0.5308464849354376,0.4715447154471545,0.33907221425155426,0.47537063605930174,0.3562888570062171,0.9335246293639407,0.899091343854615,0.5447154471544715,0.8321377331420373,0.45911047345767575,0.7484457197513151,0.3782879005260641,0.7919655667144907,0.6709708273553324,0.9488283118125299,0.6422764227642277,0.5848876135820181,0.6489717838354854,0.7450980392156863,0.9464371114299378,0.6087996174079388,0.6642754662840746,0.8785270205643233,0.4713299115740313,True
0.0733967870638538,0.2797704447632712,0.32759445241511237,0.3467240554758489,0.18890483022477284,0.5494978479196556,0.2965088474414156,0.59636537541846,0.5217599234815877,0.8603538976566236,0.8206599713055954,0.7226207556193209,0.74701099952176,0.8890483022477284,0.5494978479196556,0.59636537541846,0.2797704447632712,0.8206599713055954,0.8890483022477284,0.47106647537063606,0.37780966044954567,0.5126733620277379,0.7073170731707317,0.6843615494978479,0.8713534194165471,0.9799139167862266,0.5447154471544715,0.7307508369201339,0.5820181731229077,0.8541367766618843,0.42085126733620276,0.6494500239120038,0.6709708273553324,0.8388330942132951,0.6422764227642277,0.6924916307986609,0.8173122907699665,0.9225251076040172,0.3089430894308943,0.32759445241511237,0.3448110951697752,0.44237207077953133,0.36897528371567756,True
0.0733966186444681,0.2797704447632712,0.2702056432329029,0.3467240554758489,0.18890483022477284,0.5518890483022477,0.2821616451458632,0.5992348158775705,0.5217599234815877,0.8402678144428503,0.8130081300813008,0.7183165949306551,0.7446197991391679,0.8976566236250598,0.5518890483022477,0.5992348158775705,0.2797704447632712,0.8130081300813008,0.8976566236250598,0.47106647537063606,0.4294595887135342,0.5332376853180296,0.6747967479674797,0.6743185078909613,0.8550932568149211,0.9890004782400765,0.5447154471544715,0.45528455284552843,0.5241511238641798,0.9258727881396461,0.3782879005260641,0.5633668101386896,0.6709708273553324,0.65662362505978,0.6422764227642277,0.9010043041606887,0.6489717838354854,0.9057867049258728,0.3089430894308943,0.3165949306551889,0.3314203730272597,0.4715447154471545,0.39814809680268637,True
0.01,0.9655667144906743,0.9612625538020086,0.4213295074127212,0.8536585365853658,0.9760879961740794,0.9411764705882353,0.7890961262553802,0.9655667144906743,0.9665231946437112,0.4681970349115256,0.9765662362505978,0.9727403156384505,0.2300334768053563,0.9760879961740794,0.7890961262553802,0.9655667144906743,0.4681970349115256,0.2300334768053563,0.9784791965566715,0.7747489239598279,0.9904351984696318,0.9827833572453372,0.8947871831659493,0.6303204208512674,0.5456719273075084,0.7570540411286466,0.8876135820181731,0.9789574366331899,0.9985652797704447,0.825920612147298,0.8311812529890005,0.929220468675275,0.65662362505978,0.7847919655667145,0.6848397895743663,0.6489717838354854,0.5781922525107605,0.8163558106169297,0.9010043041606887,0.8938307030129125,0.9904351984696318,0.9804351984696318,True
0.0733967870638538,0.2797704447632712,0.2611190817790531,0.3467240554758489,0.18890483022477284,0.5547584887613582,0.2769010043041607,0.5810616929698709,0.5217599234815877,0.8311812529890005,0.8091822094691535,0.6355810616929699,0.733142037302726,0.8837876614060258,0.5547584887613582,0.5810616929698709,0.2797704447632712,0.8091822094691535,0.8837876614060258,0.47106647537063606,0.42706838833094213,0.5112386417981827,0.670492587278814,0.6618842659014825,0.899091343854615,0.983739837398374,0.5447154471544715,0.48254423720707795,0.5054997608799617,0.9402199904351984,0.3782879005260641,0.5714968914395027,0.6709708273553324,0.65662362505978,0.6422764227642277,0.8837876614060258,0.6489717838354854,0.8995695839311334,0.3089430894308943,0.25538020086083213,0.33428981348637016,0.4567192730750837,0.38332248601122987,True
0.407105695141512,0.2797704447632712,0.15303682448589193,0.3467240554758489,0.32233381157340985,0.923481587757054,0.6508847441415591,0.9067431850789096,0.5217599234815877,0.5461501673840268,0.9555236728837877,0.6355810616929699,0.8560497369679579,0.9799139167862266,0.923481587757054,0.9067431850789096,0.2797704447632712,0.9555236728837877,0.9799139167862266,0.6212338593974175,0.5762792922046868,0.33907221425155426,0.3864179818268771,0.34624581539933047,0.8742228598756576,0.9703491152558584,0.5447154471544715,0.17742706838833094,0.45911047345767575,0.9167862266857962,0.3782879005260641,0.4414155906264945,0.6709708273553324,0.65662362505978,0.9000478240076518,0.9583931133428981,0.825920612147298,0.5781922525107605,0.8689622190339551,0.6848397895743663,0.7116212338593975,0.9005260640841702,0.4934203689426582,True
0.407197108990292,0.2797704447632712,0.15016738402678145,0.3467240554758489,0.32902917264466763,0.9521759923481588,0.6585365853658537,0.9287422285987565,0.5217599234815877,0.5561932089909134,0.9469153515064562,0.6355810616929699,0.8646580583452893,0.9569583931133429,0.9521759923481588,0.9287422285987565,0.2797704447632712,0.9469153515064562,0.9569583931133429,0.6174079387852702,0.5724533715925395,0.33907221425155426,0.39215686274509803,0.351506456241033,0.8766140602582496,0.9665231946437112,0.5447154471544715,0.21807747489239598,0.45911047345767575,0.9124820659971306,0.3782879005260641,0.4414155906264945,0.6709708273553324,0.65662362505978,0.8895265423242468,0.9521759923481588,0.8110951697752271,0.5781922525107605,0.8723098995695839,0.6848397895743663,0.7116212338593975,0.8947871831659493,0.4875900741756573,True
0.407197108990292,0.2797704447632712,0.13103778096604496,0.3467240554758489,0.3170731707317073,0.945480631276901,0.6465805834528934,0.9134385461501674,0.5217599234815877,0.5705404112864658,0.9626972740315638,0.6355810616929699,0.8517455762792921,0.9708273553323769,0.945480631276901,0.9134385461501674,0.2797704447632712,0.9626972740315638,0.9708273553323769,0.5624103299856528,0.4796747967479675,0.33907221425155426,0.4983261597321856,0.39646102343376377,0.9516977522716403,0.9124820659971306,0.5447154471544715,0.8297465327594452,0.45911047345767575,0.7551410808225729,0.3782879005260641,0.7895743663318986,0.6709708273553324,0.9450023912003825,0.6422764227642277,0.59636537541846,0.6489717838354854,0.7498804399808704,0.9435676709708274,0.6848397895743663,0.7116212338593975,0.8775705404112865,0.47037343142099447,True
0.407197108990292,0.2797704447632712,0.13103778096604496,0.3467240554758489,0.3170731707317073,0.945480631276901,0.6465805834528934,0.9134385461501674,0.5217599234815877,0.5705404112864658,0.9626972740315638,0.6355810616929699,0.8517455762792921,0.9708273553323769,0.945480631276901,0.9134385461501674,0.2797704447632712,0.9626972740315638,0.9708273553323769,0.5624103299856528,0.4796747967479675,0.33907221425155426,0.4983261597321856,0.39646102343376377,0.9516977522716403,0.9124820659971306,0.5447154471544715,0.8297465327594452,0.45911047345767575,0.7551410808225729,0.3782879005260641,0.7895743663318986,0.6709708273553324,0.9450023912003825,0.6422764227642277,0.59636537541846,0.6489717838354854,0.7498804399808704,0.9435676709708274,0.6848397895743663,0.7116212338593975,0.8775705404112865,0.47037343142099447,True
0.01,0.8550932568149211,0.7173601147776184,0.3467240554758489,0.47776183644189385,0.29937828790052606,0.21999043519846964,0.20181731229076996,0.9598278335724534,0.6288857006217121,0.5714968914395027,0.6355810616929699,0.9985652797704447,0.6068866571018652,0.29937828790052606,0.20181731229076996,0.8550932568149211,0.5714968914395027,0.6068866571018652,0.8029650884744142,0.27546628407460544,0.8010521281683405,0.8699186991869918,0.8311812529890005,0.3065518890483023,0.321377331420373,0.7039693926351028,0.7570540411286466,0.45911047345767575,0.8249641319942611,0.93974175035868,0.6767097082735534,0.6709708273553324,0.8326159732185557,0.6422764227642277,0.5528455284552846,0.6489717838354854,0.5781922525107605,0.9746532759445241,0.8177905308464849,0.8646580583452893,0.7211860353897657,0.7111860353897657,True
0.407197108990292,0.2797704447632712,0.13103778096604496,0.3467240554758489,0.3170731707317073,0.945480631276901,0.6465805834528934,0.9134385461501674,0.5217599234815877,0.5705404112864658,0.9626972740315638,0.6355810616929699,0.8517455762792921,0.9708273553323769,0.945480631276901,0.9134385461501674,0.2797704447632712,0.9626972740315638,0.9708273553323769,0.5624103299856528,0.4796747967479675,0.33907221425155426,0.4983261597321856,0.39646102343376377,0.9516977522716403,0.9124820659971306,0.5447154471544715,0.8297465327594452,0.45911047345767575,0.7551410808225729,0.3782879005260641,0.7895743663318986,0.6709708273553324,0.9450023912003825,0.6422764227642277,0.59636537541846,0.6489717838354854,0.7498804399808704,0.9435676709708274,0.6848397895743663,0.7116212338593975,0.8775705404112865,0.47037343142099447,True
0.407197108990292,0.2797704447632712,0.15016738402678145,0.3467240554758489,0.32902917264466763,0.9521759923481588,0.6585365853658537,0.9287422285987565,0.5217599234815877,0.5561932089909134,0.9469153515064562,0.6355810616929699,0.8646580583452893,0.9569583931133429,0.9521759923481588,0.9287422285987565,0.2797704447632712,0.9469153515064562,0.9569583931133429,0.6174079387852702,0.5724533715925395,0.33907221425155426,0.39215686274509803,0.351506456241033,0.8766140602582496,0.9665231946437112,0.5447154471544715,0.21807747489239598,0.45911047345767575,0.9124820659971306,0.3782879005260641,0.4414155906264945,0.6709708273553324,0.65662362505978,0.8895265423242468,0.9521759923481588,0.8110951697752271,0.5781922525107605,0.8723098995695839,0.6848397895743663,0.7116212338593975,0.8947871831659493,0.4875900741756573,True
0.01,1.0,0.9933046389287422,0.994261119081779,0.9607843137254902,0.8326159732185557,0.9325681492109039,0.9913916786226685,0.8885700621712099,0.6150167384026781,0.6824485891917743,0.9995217599234816,0.4701099952175992,0.6307986609277858,0.8326159732185557,0.9913916786226685,1.0,0.6824485891917743,0.6307986609277858,0.9952175992348159,0.9679579148732664,0.8412242945958871,0.7910090865614539,0.9670014347202296,0.5585844093735055,0.7522716403634625,0.6025824964131994,0.5978000956480153,0.4921090387374462,0.9842180774748924,0.9990435198469632,0.8694404591104734,0.8794835007173601,0.7541846006695361,0.9703491152558584,0.8168340506934482,0.8565279770444764,0.9450023912003825,0.9780009564801531,0.5753228120516499,0.5911047345767575,1.0,0.99,True
0.01,0.9856527977044476,0.8579626972740315,0.7226207556193209,0.9622190339550454,0.8684839789574367,0.8584409373505499,0.5356288857006217,0.9693926351028216,0.713534194165471,0.8321377331420373,0.9971305595408895,0.602104256336681,0.7431850789096126,0.8684839789574367,0.5356288857006217,0.9856527977044476,0.8321377331420373,0.7431850789096126,0.9435676709708274,0.825920612147298,0.9230033476805356,0.9464371114299378,1.0,0.7441415590626494,0.7847919655667145,0.820181731229077,0.9177427068388331,0.45911047345767575,0.6614060258249641,0.9067431850789096,0.93974175035868,0.8632233381157342,0.9057867049258728,0.8689622190339551,0.9713055954088953,0.9545671927307509,0.8751793400286944,0.7623146819703491,0.844571975131516,0.893352462936394,0.9923481587757054,0.9823481587757054,True
0.406242318611519,0.2797704447632712,0.1606886657101865,0.3467240554758489,0.2936394069823051,0.9354375896700143,0.6537541846006696,0.9330463892874223,0.5217599234815877,0.5600191296030608,0.9450023912003825,0.6355810616929699,0.8727881396461024,0.9813486370157819,0.9354375896700143,0.9330463892874223,0.2797704447632712,0.9450023912003825,0.9813486370157819,0.5657580105212817,0.48206599713055953,0.33907221425155426,0.48923959827833574,0.39933046389287424,0.9435676709708274,0.9153515064562411,0.5447154471544715,0.8149210903873745,0.45911047345767575,0.759923481587757,0.3782879005260641,0.7766618842659014,0.6709708273553324,0.9344811095169775,0.6422764227642277,0.6016260162601627,0.6489717838354854,0.7384026781444285,0.9335246293639407,0.6848397895743663,0.7116212338593975,0.8684839789574367,0.4622416603459177,True
0.01,0.2797704447632712,0.09230033476805356,0.7757054041128647,0.2716403634624582,0.5868005738880918,0.563845050215208,0.33715925394548063,0.8593974175035868,0.7800095648015304,0.9980870396939263,0.9134385461501674,0.13438546150167385,0.9961740793878527,0.5868005738880918,0.33715925394548063,0.2797704447632712,0.9980870396939263,0.9961740793878527,0.7962697274031564,0.7278813964610235,0.36872309899569583,0.7537063605930177,0.7197513151602104,1.0,0.9995217599234816,0.9115255858440937,0.9808703969392635,0.9359158297465328,0.7690100430416069,0.6470588235294118,0.4414155906264945,0.8359636537541846,0.9971305595408895,0.9679579148732664,0.9186991869918699,0.9708273553323769,0.8727881396461024,0.6083213773314203,0.14873266379722622,0.15112386417981827,0.945480631276901,0.935480631276901,True
0.01,0.4098517455762793,0.5571496891439502,0.4653275944524151,0.5805834528933524,0.6556671449067432,0.7637494021999044,0.5595408895265424,0.9770444763271162,0.7862266857962698,0.5026303204208513,0.6355810616929699,0.9947393591582975,0.8330942132950742,0.6556671449067432,0.5595408895265424,0.4098517455762793,0.5026303204208513,0.8330942132950742,0.9550454328072693,0.17455762792922047,0.4581539933046389,0.29794356767097085,0.2864658058345289,0.7833572453371592,0.8766140602582496,0.5447154471544715,0.10186513629842181,0.45911047345767575,0.9445241511238642,0.8197034911525586,0.583452893352463,0.68675274988044,0.65662362505978,0.6422764227642277,1.0,0.9426111908177905,0.9803921568627451,0.6011477761836442,0.6996652319464371,0.7350549976087997,0.8010521281683405,0.7910521281683405,True
0.01,0.9684361549497847,0.8646580583452893,0.8115734098517455,0.7804878048780488,0.7833572453371592,0.5978000956480153,0.8632233381157342,0.8182687709230033,0.809660449545672,0.21042563366810138,0.6355810616929699,0.3428981348637016,0.17886178861788618,0.7833572453371592,0.8632233381157342,0.9684361549497847,0.21042563366810138,0.17886178861788618,0.47106647537063606,0.9086561453849833,0.735533237685318,0.8034433285509326,0.8699186991869918,0.3065518890483023,0.321377331420373,0.806312769010043,0.5528455284552846,0.45911047345767575,0.5279770444763271,0.8694404591104734,0.713534194165471,0.7924438067910091,0.65662362505978,0.6422764227642277,0.5528455284552846,0.6489717838354854,0.5781922525107605,0.4371114299378288,0.8536585365853658,0.8565279770444764,0.8139646102343376,0.8039646102343376,True
0.01,0.9880439980870397,0.9956958393113343,0.7092300334768054,0.4514586322333812,0.8225729316116691,0.8708751793400287,0.9789574366331899,0.9325681492109039,0.29555236728837875,0.866571018651363,0.711142993782879,0.09516977522716404,0.9005260640841702,0.8225729316116691,0.9789574366331899,0.9880439980870397,0.866571018651363,0.9005260640841702,0.7326637972262076,0.9870875179340028,0.9143950263032042,0.9230033476805356,0.9340028694404591,0.7556193208990913,0.7364897178383548,0.8029650884744142,0.6585365853658537,0.45911047345767575,0.9598278335724534,0.8751793400286944,0.7264466762314682,0.9741750358680057,0.9186991869918699,0.6422764227642277,0.5585844093735055,0.6489717838354854,0.8115734098517455,0.7407938785270206,0.8818747010999521,0.9057867049258728,0.9899569583931134,0.9799569583931134,True
0.407197108990292,0.2797704447632712,0.13103778096604496,0.3467240554758489,0.3170731707317073,0.945480631276901,0.6465805834528934,0.9134385461501674,0.5217599234815877,0.5705404112864658,0.9626972740315638,0.6355810616929699,0.8517455762792921,0.9708273553323769,0.945480631276901,0.9134385461501674,0.2797704447632712,0.9626972740315638,0.9708273553323769,0.5624103299856528,0.4796747967479675,0.33907221425155426,0.4983261597321856,0.39646102343376377,0.9516977522716403,0.9124820659971306,0.5447154471544715,0.8297465327594452,0.45911047345767575,0.7551410808225729,0.3782879005260641,0.7895743663318986,0.6709708273553324,0.9450023912003825,0.6422764227642277,0.59636537541846,0.6489717838354854,0.7498804399808704,0.9435676709708274,0.6848397895743663,0.7116212338593975,0.8775705404112865,0.47037343142099447,True
0.01,0.3835485413677666,0.3467240554758489,0.48637015781922527,0.5102821616451458,0.3567670970827355,0.3548541367766619,0.19416547106647536,0.8952654232424677,0.1563845050215208,0.9890004782400765,0.9344811095169775,0.305117168818747,0.8833094213295074,0.3567670970827355,0.19416547106647536,0.3835485413677666,0.9890004782400765,0.8833094213295074,0.8464849354375896,0.1649928263988522,0.33907221425155426,0.2458153993304639,0.9253945480631277,0.9650884744141559,0.8593974175035868,0.9110473457675753,0.6231468197034912,1.0,0.8584409373505499,0.5327594452415112,0.6637972262075562,0.6709708273553324,0.65662362505978,0.6422764227642277,0.7369679579148732,0.6489717838354854,0.5781922525107605,0.3089430894308943,0.7718794835007173,0.6585365853658537,0.4801530368244859,0.4701530368244859,True
0.407197108990292,0.2797704447632712,0.13103778096604496,0.3467240554758489,0.3170731707317073,0.945480631276901,0.6465805834528934,0.9134385461501674,0.5217599234815877,0.5705404112864658,0.9626972740315638,0.6355810616929699,0.8517455762792921,0.9708273553323769,0.945480631276901,0.9134385461501674,0.2797704447632712,0.9626972740315638,0.9708273553323769,0.5624103299856528,0.4796747967479675,0.33907221425155426,0.4983261597321856,0.39646102343376377,0.9516977522716403,0.9124820659971306,0.5447154471544715,0.8297465327594452,0.45911047345767575,0.7551410808225729,0.3782879005260641,0.7895743663318986,0.6709708273553324,0.9450023912003825,0.6422764227642277,0.59636537541846,0.6489717838354854,0.7498804399808704,0.9435676709708274,0.6848397895743663,0.7130559540889526,0.8780487804878049,0.4708516714975129,True
0.01,0.7565758010521282,0.8053562888570062,0.41750358680057387,0.9803921568627451,0.7321855571496891,0.9689143950263032,0.7728359636537542,0.9971305595408895,0.9450023912003825,0.7675753228120517,0.9641319942611191,0.9641319942611191,0.7867049258727882,0.7321855571496891,0.7728359636537542,0.7565758010521282,0.7675753228120517,0.7867049258727882,0.6360593017694883,0.6145384983261597,0.8694404591104734,0.8723098995695839,0.9780009564801531,0.6757532281205165,0.6351028216164515,0.9153515064562411,0.39550454328072693,0.7097082735533238,0.38115734098517456,0.8206599713055954,0.7972262075561932,0.6709708273553324,0.65662362505978,0.8235294117647058,0.7259684361549498,0.6489717838354854,0.5781922525107605,0.3089430894308943,0.7235772357723578,0.7580105212816834,0.9253945480631277,0.9153945480631277,True
0.01,0.36872309899569583,0.09230033476805356,0.8311812529890005,0.18890483022477284,0.743663318986131,0.7269249163079866,0.8287900526064084,0.7910090865614539,0.26924916307986607,0.7910090865614539,0.6355810616929699,0.9693926351028216,0.8536585365853658,0.743663318986131,0.8287900526064084,0.36872309899569583,0.7910090865614539,0.8536585365853658,0.5375418460066954,0.1649928263988522,0.4136776661884266,0.2458153993304639,0.9177427068388331,0.8110951697752271,0.9717838354854137,0.9976087996174079,0.9163079866092778,0.735533237685318,0.6197991391678622,0.787661406025825,0.667144906743185,0.6709708273553324,0.9909134385461502,1.0,1.0,1.0,0.9808703969392635,0.3089430894308943,0.4261119081779053,0.629842180774749,0.9870875179340028,0.9770875179340028,True
0.01,0.9990435198469632,0.9990435198469632,0.9120038259206121,0.8689622190339551,0.986131037780966,0.9244380679100909,0.8785270205643233,0.9904351984696318,0.7441415590626494,0.21042563366810138,0.9301769488283118,0.6279292204686753,0.17886178861788618,0.986131037780966,0.8785270205643233,0.9990435198469632,0.21042563366810138,0.17886178861788618,0.9703491152558584,0.8297465327594452,0.9406982305117169,0.9617407938785271,0.9980870396939263,0.6068866571018652,0.4844571975131516,0.5447154471544715,0.6523194643711143,0.6719273075083692,0.9751315160210425,0.8512673362027738,0.7164036346245816,0.9842180774748924,0.8005738880918221,0.9383070301291249,0.8622668579626973,0.7360114777618364,0.6513629842180775,0.8498326159732186,0.7723577235772358,0.8421807747489239,0.9966523194643712,0.9866523194643712,True
0.406612676449018,0.2797704447632712,0.15303682448589193,0.3467240554758489,0.32233381157340985,0.923481587757054,0.6508847441415591,0.9067431850789096,0.5217599234815877,0.5461501673840268,0.9569583931133429,0.6355810616929699,0.8560497369679579,0.9775227164036346,0.923481587757054,0.9067431850789096,0.2797704447632712,0.9569583931133429,0.9775227164036346,0.6212338593974175,0.5762792922046868,0.33907221425155426,0.3864179818268771,0.34624581539933047,0.8732663797226208,0.9693926351028216,0.5447154471544715,0.17742706838833094,0.45911047345767575,0.9177427068388331,0.3782879005260641,0.4414155906264945,0.6709708273553324,0.65662362505978,0.9000478240076518,0.9583931133428981,0.825920612147298,0.5781922525107605,0.8689622190339551,0.6848397895743663,0.7116212338593975,0.8995695839311334,0.4929569074821154,True
0.0733967870638536,0.2797704447632712,0.234337637494022,0.3467240554758489,0.20516499282639886,0.5332376853180296,0.24820659971305595,0.6030607364897178,0.5217599234815877,0.7513151602104257,0.8613103778096605,0.6355810616929699,0.7489239598278336,0.9172644667623147,0.5332376853180296,0.6030607364897178,0.2797704447632712,0.8613103778096605,0.9172644667623147,0.47106647537063606,0.3629842180774749,0.5341941654710665,0.7015781922525107,0.6786226685796269,0.882831181252989,0.9956958393113343,0.5447154471544715,0.5561932089909134,0.45911047345767575,0.8890483022477284,0.3782879005260641,0.5710186513629842,0.6709708273553324,0.65662362505978,0.6422764227642277,0.8460066953610712,0.6489717838354854,0.8833094213295074,0.3089430894308943,0.33381157340985174,0.34624581539933047,0.45911047345767575,0.38571368639382214,True
0.01,0.624103299856528,0.8833094213295074,0.975609756097561,0.4815877570540411,0.34146341463414637,0.5327594452415112,0.2898134863701578,0.9803921568627451,0.9100908656145384,0.8952654232424677,0.994261119081779,0.6824485891917743,0.8785270205643233,0.34146341463414637,0.2898134863701578,0.624103299856528,0.8952654232424677,0.8785270205643233,0.9282639885222381,0.5667144906743186,0.33907221425155426,0.2458153993304639,0.6456241032998565,0.6408417025346724,0.4681970349115256,0.5447154471544715,0.7953132472501195,0.9053084648493543,0.2845528455284553,0.9990435198469632,0.6131037780966045,0.6709708273553324,0.65662362505978,0.6422764227642277,0.5528455284552846,0.6489717838354854,0.7981826877092301,0.6695361071257772,0.7082735533237685,0.7489239598278336,0.6709708273553324,0.6609708273553324,True
0.406242318611519,0.2797704447632712,0.20516499282639886,0.3467240554758489,0.2391200382592061,0.9086561453849833,0.6857962697274032,0.953610712577714,0.5217599234815877,0.5318029650884745,0.9201339072214252,0.6355810616929699,0.8923959827833573,0.9363940698230512,0.9086561453849833,0.953610712577714,0.2797704447632712,0.9201339072214252,0.9363940698230512,0.5901482544237207,0.5781922525107605,0.33907221425155426,0.3744619799139168,0.3629842180774749,0.8689622190339551,0.959349593495935,0.5447154471544715,0.20420851267336204,0.45911047345767575,0.9158297465327594,0.3782879005260641,0.4414155906264945,0.6709708273553324,0.65662362505978,0.8923959827833573,0.9560019129603061,0.8149210903873745,0.5781922525107605,0.8780487804878049,0.7049258727881397,0.6513629842180775,0.8962219033955046,0.48997958478398557,True
0.407197108990292,0.2797704447632712,0.11812529890004782,0.3467240554758489,0.29076996652319465,0.9206121472979436,0.6590148254423721,0.9143950263032042,0.5217599234815877,0.5389765662362506,0.9631755141080822,0.6355810616929699,0.8689622190339551,0.9516977522716403,0.9206121472979436,0.9143950263032042,0.2797704447632712,0.9631755141080822,0.9516977522716403,0.5781922525107605,0.41606886657101866,0.33907221425155426,0.5384983261597321,0.34337637494022,0.9622190339550454,0.8880918220946915,0.5447154471544715,0.9803921568627451,0.49928263988522237,0.642754662840746,0.5437589670014347,0.890961262553802,0.6709708273553324,0.9899569583931134,0.6532759445241512,0.5528455284552846,0.8703969392635102,0.8517455762792921,0.9665231946437112,0.6848397895743663,0.7116212338593975,0.9435676709708274,0.5363705619805355,True
0.01,0.937350549976088,0.6814921090387375,0.8928742228598756,0.7704447632711621,0.9803921568627451,0.9564801530368244,0.9741750358680057,0.7589670014347202,0.46580583452893354,0.676231468197035,0.8613103778096605,0.1836441893830703,0.8206599713055954,0.9803921568627451,0.9741750358680057,0.937350549976088,0.676231468197035,0.8206599713055954,0.8130081300813008,0.9545671927307509,0.8407460545193687,0.8785270205643233,0.6819703491152559,0.7465327594452416,0.8345289335246293,0.8067910090865614,0.5432807269249164,0.9851745576279293,0.9545671927307509,0.7981826877092301,0.7556193208990913,0.8244858919177427,0.65662362505978,0.6422764227642277,0.5528455284552846,0.6489717838354854,0.9421329507412721,0.8106169296987088,0.45480631276901007,0.46628407460545196,0.9736967957914874,0.9636967957914874,True
0.407197108990292,0.288857006217121,0.09230033476805356,0.3467240554758489,0.40411286465805835,0.9354375896700143,0.6537541846006696,0.9330463892874223,0.5217599234815877,0.4844571975131516,0.9502630320420852,0.6580583452893353,0.8727881396461024,0.9646102343376375,0.9354375896700143,0.9330463892874223,0.288857006217121,0.9502630320420852,0.9646102343376375,0.5657580105212817,0.48206599713055953,0.33907221425155426,0.48923959827833574,0.501195600191296,0.9445241511238642,0.9139167862266858,0.5447154471544715,0.8149210903873745,0.45911047345767575,0.757532281205165,0.3782879005260641,0.7766618842659014,0.6709708273553324,0.9344811095169775,0.6422764227642277,0.6092778574844572,0.6489717838354854,0.7422285987565758,0.9335246293639407,0.779531324725012,0.7852702056432329,0.8852223816355811,0.4780252726452891,True
0.01,0.9956958393113343,0.9483500717360115,0.5241511238641798,0.975609756097561,0.9808703969392635,0.8546150167384027,0.32281205164992827,0.9789574366331899,0.59636537541846,0.8512673362027738,0.9483500717360115,0.7063605930176949,0.8407460545193687,0.9808703969392635,0.32281205164992827,0.9956958393113343,0.8512673362027738,0.8407460545193687,0.8015303682448589,0.8244858919177427,0.8699186991869918,0.839789574366332,0.9952175992348159,0.6743185078909613,0.7527498804399809,0.8852223816355811,0.6499282639885222,0.45911047345767575,0.5772357723577236,0.9990435198469632,0.9244380679100909,0.9359158297465328,0.812051649928264,0.6939263510282162,0.8947871831659493,0.8637015781922525,0.8617886178861789,0.4528933524629364,0.8493543758967002,0.8550932568149211,0.9851745576279293,0.9751745576279293,True
0.01,0.9607843137254902,0.8866571018651362,0.5423242467718795,0.43950263032042086,0.381635581061693,0.3481587757054041,0.3232902917264467,0.6470588235294118,0.9670014347202296,0.9923481587757054,0.7642276422764228,0.5021520803443329,0.9153515064562411,0.381635581061693,0.3232902917264467,0.9607843137254902,0.9923481587757054,0.9153515064562411,0.6594930655188905,0.62649450023912,0.7364897178383548,0.7517934002869441,0.7503586800573888,0.8197034911525586,0.7981826877092301,0.5447154471544715,0.6169296987087518,0.45911047345767575,0.2845528455284553,0.5911047345767575,0.4414155906264945,0.6709708273553324,0.65662362505978,0.7948350071736011,0.9684361549497847,0.8192252510760402,0.7187948350071736,0.40459110473457677,0.8651362984218077,0.890961262553802,0.5810616929698709,0.5710616929698709,True
0.407105695141512,0.2797704447632712,0.15303682448589193,0.3467240554758489,0.32233381157340985,0.923481587757054,0.6508847441415591,0.9067431850789096,0.5217599234815877,0.5461501673840268,0.9555236728837877,0.6355810616929699,0.8560497369679579,0.9799139167862266,0.923481587757054,0.9067431850789096,0.2797704447632712,0.9555236728837877,0.9799139167862266,0.6212338593974175,0.5762792922046868,0.33907221425155426,0.3864179818268771,0.34624581539933047,0.8742228598756576,0.9703491152558584,0.5447154471544715,0.17742706838833094,0.45911047345767575,0.9167862266857962,0.3782879005260641,0.4414155906264945,0.6709708273553324,0.65662362505978,0.9000478240076518,0.9583931133428981,0.825920612147298,0.5781922525107605,0.8689622190339551,0.6848397895743663,0.7116212338593975,0.9005260640841702,0.4934203689426582,True
0.407123958077867,0.2797704447632712,0.117168818747011,0.3467240554758489,0.3242467718794835,0.9483500717360115,0.6556671449067432,0.9201339072214252,0.5217599234815877,0.5772357723577236,0.9421329507412721,0.6355810616929699,0.8378766140602583,0.9598278335724534,0.9483500717360115,0.9201339072214252,0.2797704447632712,0.9421329507412721,0.9598278335724534,0.5729316116690578,0.49928263988522237,0.33907221425155426,0.4667623146819703,0.3868962219033955,0.9263510282161646,0.9230033476805356,0.5447154471544715,0.7140124342419895,0.45911047345767575,0.8005738880918221,0.3782879005260641,0.7226207556193209,0.6709708273553324,0.9019607843137255,0.6709708273553324,0.7508369201339072,0.6489717838354854,0.6116690578670493,0.9215686274509803,0.6848397895743663,0.7116212338593975,0.8417025346724055,0.4345785765945385,True
0.0733967870638538,0.2797704447632712,0.2687709230033477,0.3467240554758489,0.18890483022477284,0.5432807269249164,0.2816834050693448,0.5911047345767575,0.5217599234815877,0.8421807747489239,0.812051649928264,0.7235772357723578,0.7460545193687231,0.8957436633189861,0.5432807269249164,0.5911047345767575,0.2797704447632712,0.812051649928264,0.8957436633189861,0.47106647537063606,0.42802486848397897,0.531324725011956,0.6776661884265901,0.6752749880439981,0.8555714968914395,0.9880439980870397,0.5447154471544715,0.4696317551410808,0.5274988043998087,0.9239598278335724,0.3782879005260641,0.5705404112864658,0.6709708273553324,0.65662362505978,0.6422764227642277,0.893352462936394,0.6489717838354854,0.907221425155428,0.3089430894308943,0.3165949306551889,0.3314203730272597,0.4681970349115256,0.39480024784767176,True
0.407197108990292,0.2797704447632712,0.13103778096604496,0.3467240554758489,0.3170731707317073,0.945480631276901,0.6465805834528934,0.9134385461501674,0.5217599234815877,0.5705404112864658,0.9626972740315638,0.6355810616929699,0.8517455762792921,0.9708273553323769,0.945480631276901,0.9134385461501674,0.2797704447632712,0.9626972740315638,0.9708273553323769,0.5624103299856528,0.4796747967479675,0.33907221425155426,0.4983261597321856,0.39646102343376377,0.9516977522716403,0.9124820659971306,0.5447154471544715,0.8297465327594452,0.45911047345767575,0.7551410808225729,0.3782879005260641,0.7895743663318986,0.6709708273553324,0.9450023912003825,0.6422764227642277,0.59636537541846,0.6489717838354854,0.7498804399808704,0.9435676709708274,0.6848397895743663,0.7116212338593975,0.8775705404112865,0.47037343142099447,True
0.407329729498726,0.2797704447632712,0.1095169775227164,0.3467240554758489,0.18890483022477284,0.9153515064562411,0.6676231468197035,0.9239598278335724,0.5217599234815877,0.5241511238641798,0.9579148732663797,0.6355810616929699,0.8751793400286944,0.9497847919655668,0.9153515064562411,0.9239598278335724,0.2797704447632712,0.9579148732663797,0.9497847919655668,0.5954088952654233,0.5384983261597321,0.33907221425155426,0.4251554280248685,0.3744619799139168,0.9005260640841702,0.9469153515064562,0.5447154471544715,0.4983261597321856,0.45911047345767575,0.8670492587278814,0.3782879005260641,0.599713055954089,0.6709708273553324,0.7929220468675275,0.7742706838833094,0.8890483022477284,0.6489717838354854,0.5781922525107605,0.8947871831659493,0.7369679579148732,0.7116212338593975,0.8311812529890005,0.4238515234902745,True
0.0733966186444681,0.2797704447632712,0.274988043998087,0.3467240554758489,0.18890483022477284,0.5375418460066954,0.2898134863701578,0.5796269727403156,0.5217599234815877,0.8402678144428503,0.8077474892395983,0.727403156384505,0.7651841224294595,0.8847441415590627,0.5375418460066954,0.5796269727403156,0.2797704447632712,0.8077474892395983,0.8847441415590627,0.47106647537063606,0.367766618842659,0.5227164036346246,0.6700143472022956,0.6848397895743663,0.8598756575801052,0.9870875179340028,0.5447154471544715,0.4610234337637494,0.5251076040172167,0.9354375896700143,0.3782879005260641,0.5681492109038737,0.6709708273553324,0.65662362505978,0.6422764227642277,0.8995695839311334,0.6489717838354854,0.9057867049258728,0.3089430894308943,0.43902439024390244,0.22381635581061693,0.4667623146819703,0.3933656960375022,True
0.01,0.2797704447632712,0.09230033476805356,0.7541846006695361,0.18890483022477284,0.7546628407460545,0.743663318986131,0.6853180296508847,0.8703969392635102,0.836441893830703,0.9985652797704447,0.9263510282161646,0.5686274509803921,0.9966523194643712,0.7546628407460545,0.6853180296508847,0.2797704447632712,0.9985652797704447,0.9966523194643712,0.8593974175035868,0.16594930655188905,0.6618842659014825,0.5791487326637972,0.9354375896700143,0.986131037780966,0.9990435198469632,0.9985652797704447,0.6307986609277858,0.6092778574844572,0.8225729316116691,0.8718316594930655,0.4414155906264945,0.6709708273553324,0.9885222381635581,1.0,1.0,1.0,0.7407938785270206,0.3548541367766619,0.866571018651363,0.9000478240076518,0.9885222381635581,0.9785222381635581,True
0.01,0.3472022955523673,0.5088474414155906,0.7360114777618364,0.18890483022477284,0.8895265423242468,0.6910569105691057,0.9708273553323769,0.6269727403156384,0.6441893830703013,0.8632233381157342,0.6355810616929699,0.6590148254423721,0.9124820659971306,0.8895265423242468,0.9708273553323769,0.3472022955523673,0.8632233381157342,0.9124820659971306,0.47106647537063606,0.1649928263988522,0.33907221425155426,0.2458153993304639,0.5700621712099474,0.9631755141080822,0.9808703969392635,0.5447154471544715,0.29124820659971307,0.7307508369201339,0.8321377331420373,0.3782879005260641,0.4414155906264945,0.6709708273553324,0.65662362505978,0.6422764227642277,0.5528455284552846,0.6489717838354854,0.5781922525107605,0.6236250597800096,0.49450023912003827,0.5978000956480153,0.7675753228120517,0.7575753228120516,True
0.01,0.9913916786226685,0.9842180774748924,0.5901482544237207,0.9875657580105213,0.6977522716403635,0.8393113342898135,0.6217120994739359,0.9961740793878527,0.8000956480153036,0.5590626494500239,0.8670492587278814,0.26446676231468197,0.6408417025346724,0.6977522716403635,0.6217120994739359,0.9913916786226685,0.5590626494500239,0.6408417025346724,0.4720229555236729,0.921090387374462,0.9689143950263032,0.9349593495934959,0.9569583931133429,0.4801530368244859,0.321377331420373,0.6231468197034912,0.09277857484457197,0.45911047345767575,0.2845528455284553,0.882831181252989,0.9622190339550454,0.6709708273553324,0.65662362505978,0.8106169296987088,0.7714012434241989,0.6489717838354854,0.5781922525107605,0.74701099952176,0.759923481587757,0.7953132472501195,0.9722620755619321,0.9622620755619321,True
0.0733967870638536,0.2797704447632712,0.3252032520325203,0.3467240554758489,0.18890483022477284,0.5423242467718795,0.29411764705882354,0.5920612147297943,0.5217599234815877,0.8579626972740315,0.8244858919177427,0.7211860353897657,0.7537063605930177,0.8923959827833573,0.5423242467718795,0.5920612147297943,0.2797704447632712,0.8244858919177427,0.8923959827833573,0.47106647537063606,0.39598278335724535,0.5179340028694405,0.6924916307986609,0.681013868962219,0.8637015781922525,0.9813486370157819,0.5447154471544715,0.5705404112864658,0.5686274509803921,0.8837876614060258,0.3868962219033955,0.6111908177905309,0.6709708273553324,0.65662362505978,0.6422764227642277,0.8359636537541846,0.7465327594452416,0.9196556671449068,0.3089430894308943,0.32759445241511237,0.3428981348637016,0.4452415112386418,0.3718447241747882,True
0.01,0.9899569583931134,0.3830703012912482,0.5652797704447633,0.9311334289813487,0.8077474892395983,0.9196556671449068,0.6747967479674797,0.7340985174557628,0.38402678144428504,0.6379722620755619,0.7077953132472501,0.27929220468675275,0.683405069344811,0.8077474892395983,0.6747967479674797,0.9899569583931134,0.6379722620755619,0.683405069344811,0.47441415590626496,0.9244380679100909,0.9780009564801531,0.9526542324246772,0.8833094213295074,0.4839789574366332,0.6202773792443806,0.7718794835007173,0.43424198947871834,0.45911047345767575,0.9574366331898613,0.6456241032998565,0.5719751315160211,0.9684361549497847,0.65662362505978,0.6422764227642277,0.6413199426111909,0.6489717838354854,0.5781922525107605,0.4567192730750837,0.9646102343376375,0.9497847919655668,0.9378287900526064,0.9278287900526064,True
0.407197108990292,0.2797704447632712,0.1568627450980392,0.3467240554758489,0.30224772835963654,0.926829268292683,0.6733620277379244,0.9387852702056433,0.5217599234815877,0.5485413677666189,0.9512195121951219,0.6355810616929699,0.8742228598756576,0.9588713534194165,0.926829268292683,0.9387852702056433,0.2797704447632712,0.9512195121951219,0.9588713534194165,0.5767575322812052,0.5078909612625538,0.33907221425155426,0.4600669536107126,0.381635581061693,0.9196556671449068,0.9287422285987565,0.5447154471544715,0.6896221903395504,0.45911047345767575,0.8134863701578192,0.3782879005260641,0.7073170731707317,0.6709708273553324,0.890961262553802,0.6996652319464371,0.7790530846484935,0.6489717838354854,0.6040172166427547,0.9163079866092778,0.6848397895743663,0.7116212338593975,0.8359636537541846,0.4287665447638926,True
0.01,0.3347680535628886,0.8240076518412243,0.8737446197991392,0.5169775227164036,0.6657101865136298,0.2773792443806791,0.5241511238641798,0.9483500717360115,0.8273553323768532,0.8833094213295074,0.6355810616929699,0.446676231468197,0.9019607843137255,0.6657101865136298,0.5241511238641798,0.3347680535628886,0.8833094213295074,0.9019607843137255,0.9641319942611191,0.1649928263988522,0.5255858440937351,0.8727881396461024,0.8708751793400287,0.9990435198469632,0.9985652797704447,0.8574844571975132,0.9679579148732664,0.9598278335724534,0.2845528455284553,0.3782879005260641,0.7694882831181253,0.6709708273553324,0.9976087996174079,0.9545671927307509,0.793400286944046,0.9626972740315638,0.9751315160210425,0.8460066953610712,0.14873266379722622,0.15112386417981827,0.9598278335724534,0.9498278335724534,True
0.01,0.9980870396939263,0.9177427068388331,0.4500239120038259,0.9579148732663797,0.834050693448111,0.9636537541846006,0.3983739837398374,0.9301769488283118,0.33715925394548063,0.5796269727403156,0.9569583931133429,0.6131037780966045,0.585844093735055,0.834050693448111,0.3983739837398374,0.9980870396939263,0.5796269727403156,0.585844093735055,0.9239598278335724,0.8345289335246293,0.836441893830703,0.9273075083692014,0.9818268770923003,0.5428024868483979,0.577714012434242,0.953610712577714,0.8857006217120995,0.9818268770923003,0.5160210425633668,0.9990435198469632,0.9363940698230512,0.8464849354375896,0.9780009564801531,0.9789574366331899,1.0,0.9904351984696318,0.9440459110473458,0.6580583452893353,0.68675274988044,0.6231468197034912,0.9947393591582975,0.9847393591582975,True
0.01,0.7384026781444285,0.4528933524629364,1.0,0.8455284552845529,0.42706838833094213,1.0,0.8517455762792921,0.8761358201817312,0.7144906743185079,0.8273553323768532,0.9316116690578671,0.959349593495935,0.8660927785748446,0.42706838833094213,0.8517455762792921,0.7384026781444285,0.8273553323768532,0.8660927785748446,0.9727403156384505,0.1649928263988522,0.33907221425155426,0.506934481109517,0.5934959349593496,0.6413199426111909,0.48493543758967,0.5447154471544715,0.5925394548063128,0.6465805834528934,0.2845528455284553,0.9990435198469632,0.4921090387374462,0.9851745576279293,0.9244380679100909,0.9751315160210425,0.9885222381635581,0.6489717838354854,0.7541846006695361,0.9545671927307509,0.7221425155428025,0.47537063605930174,0.9832615973218556,0.9732615973218556,True
0.01,0.9923481587757054,0.6346245815399331,0.4519368723098996,0.9813486370157819,0.959349593495935,0.8216164514586323,0.844571975131516,0.967479674796748,0.2682926829268293,0.5346724055475849,0.9368723098995696,0.9182209469153515,0.37733142037302725,0.959349593495935,0.844571975131516,0.9923481587757054,0.5346724055475849,0.37733142037302725,0.973218555714969,0.7560975609756098,0.9540889526542324,0.9478718316594931,0.9507412721186035,0.6245815399330464,0.5361071257771401,0.7517934002869441,0.7541846006695361,0.45911047345767575,0.9909134385461502,0.8742228598756576,0.6618842659014825,0.8857006217120995,0.65662362505978,0.9186991869918699,0.6480153036824486,0.6489717838354854,0.5781922525107605,0.6351028216164515,0.6068866571018652,0.7379244380679101,0.986131037780966,0.976131037780966,True
0.01,0.4806312769010043,0.506934481109517,0.4610234337637494,0.5667144906743186,0.47537063605930174,0.3204208512673362,0.37254901960784315,0.6657101865136298,0.7804878048780488,0.8957436633189861,0.6355810616929699,0.8254423720707795,0.8589191774270684,0.47537063605930174,0.37254901960784315,0.4806312769010043,0.8957436633189861,0.8589191774270684,0.8426590148254424,0.274988043998087,0.7728359636537542,0.6944045911047346,0.6236250597800096,0.8321377331420373,0.7780966044954567,0.5447154471544715,0.7565758010521282,0.6111908177905309,0.7733142037302726,0.5700621712099474,0.683405069344811,0.6709708273553324,0.65662362505978,0.8421807747489239,0.7919655667144907,0.6489717838354854,0.8675274988043998,0.8565279770444764,0.9679579148732664,0.9646102343376375,0.5514108082257293,0.5414108082257293,True
0.407197108990292,0.2797704447632712,0.1606886657101865,0.3467240554758489,0.2936394069823051,0.9354375896700143,0.6537541846006696,0.9330463892874223,0.5217599234815877,0.5600191296030608,0.9502630320420852,0.6355810616929699,0.8727881396461024,0.9646102343376375,0.9354375896700143,0.9330463892874223,0.2797704447632712,0.9502630320420852,0.9646102343376375,0.5657580105212817,0.48206599713055953,0.33907221425155426,0.48923959827833574,0.39933046389287424,0.9445241511238642,0.9139167862266858,0.5447154471544715,0.8149210903873745,0.45911047345767575,0.757532281205165,0.3782879005260641,0.7766618842659014,0.6709708273553324,0.9344811095169775,0.6422764227642277,0.6016260162601627,0.6489717838354854,0.7369679579148732,0.9335246293639407,0.6848397895743663,0.7116212338593975,0.8680057388809183,0.46080862989062626,True
0.01,0.9244380679100909,0.29220468675274985,0.4285031085604974,0.7168818747011,0.30559540889526543,0.9842180774748924,0.3280726924916308,0.6901004304160688,0.9177427068388331,0.7054041128646581,0.7092300334768054,0.5518890483022477,0.5509325681492109,0.30559540889526543,0.3280726924916308,0.9244380679100909,0.7054041128646581,0.5509325681492109,0.9775227164036346,0.5298900047824008,0.37589670014347204,0.2458153993304639,0.45958871353419417,0.9736967957914874,0.8694404591104734,0.7345767575322812,0.4868483978957437,0.5485413677666189,0.5839311334289814,0.509325681492109,0.7379244380679101,0.6709708273553324,0.7168818747011,0.6422764227642277,0.5590626494500239,0.6489717838354854,0.5781922525107605,0.6996652319464371,0.15542802486848398,0.15829746532759445,0.4380679100908656,0.4280679100908656,True
0.407123958077868,0.2797704447632712,0.15064562410329985,0.3467240554758489,0.31755141080822574,0.9459588713534194,0.6714490674318508,0.9258727881396461,0.5217599234815877,0.5365853658536586,0.953610712577714,0.6355810616929699,0.8388330942132951,0.9526542324246772,0.9459588713534194,0.9258727881396461,0.2797704447632712,0.953610712577714,0.9526542324246772,0.5853658536585366,0.5150645624103299,0.33907221425155426,0.44571975131516023,0.37398373983739835,0.9110473457675753,0.9368723098995696,0.5447154471544715,0.6202773792443806,0.45911047345767575,0.8316594930655189,0.3782879005260641,0.6724055475848876,0.6709708273553324,0.8713534194165471,0.7240554758488761,0.8254423720707795,0.6489717838354854,0.5911047345767575,0.9067431850789096,0.6848397895743663,0.7116212338593975,0.8278335724533716,0.42070961437550364,True
0.01,0.820181731229077,0.517455762792922,0.8694404591104734,0.5504543280726925,0.795791487326638,0.9014825442372071,0.8818747010999521,0.7704447632711621,0.7560975609756098,0.8436154949784792,0.7948350071736011,0.6073648971783836,0.8584409373505499,0.795791487326638,0.8818747010999521,0.820181731229077,0.8436154949784792,0.8584409373505499,0.6637972262075562,0.1649928263988522,0.5604973696795792,0.38067910090865614,0.74701099952176,0.9741750358680057,0.8842659014825442,0.8283118125298901,0.8766140602582496,0.7350549976087997,0.5327594452415112,0.5164992826398852,0.8512673362027738,0.8440937350549976,0.9875657580105213,0.8335724533715926,0.5595408895265424,0.9038737446197992,0.9516977522716403,0.7183165949306551,0.9459588713534194,0.8904830224772836,0.9172644667623147,0.9072644667623146,True
0.407329729498726,0.2797704447632712,0.14586322333811574,0.3467240554758489,0.29459588713534196,0.9153515064562411,0.6676231468197035,0.9239598278335724,0.5217599234815877,0.5361071257771401,0.9579148732663797,0.6355810616929699,0.8751793400286944,0.9497847919655668,0.9153515064562411,0.9239598278335724,0.2797704447632712,0.9579148732663797,0.9497847919655668,0.5954088952654233,0.5380200860832137,0.33907221425155426,0.4251554280248685,0.3668101386896222,0.9005260640841702,0.9469153515064562,0.5447154471544715,0.4983261597321856,0.45911047345767575,0.8660927785748446,0.3782879005260641,0.5992348158775705,0.6709708273553324,0.7929220468675275,0.776183644189383,0.8890483022477284,0.6489717838354854,0.5781922525107605,0.8947871831659493,0.6848397895743663,0.7116212338593975,0.8273553323768532,0.42002560287812724,True
0.01,0.880439980870397,0.8756575801052128,0.3467240554758489,0.8000956480153036,0.6771879483500718,0.9827833572453372,0.9650884744141559,0.6666666666666666,0.711142993782879,0.8048780487804879,0.6355810616929699,0.3907221425155428,0.9947393591582975,0.6771879483500718,0.9650884744141559,0.880439980870397,0.8048780487804879,0.9947393591582975,0.47106647537063606,0.3017694882831181,0.6456241032998565,0.3323768531802965,0.6499282639885222,0.7666188426590148,0.9158297465327594,0.8173122907699665,0.6441893830703013,0.7910090865614539,0.6044954567192731,0.9196556671449068,0.4414155906264945,0.8842659014825442,0.9564801530368244,0.6422764227642277,0.7317073170731707,0.8900047824007652,1.0,0.4562410329985653,0.890961262553802,0.7977044476327116,0.9497847919655668,0.9397847919655667,True
0.01,0.9569583931133429,0.9249163079866093,0.6681013868962219,0.6996652319464371,0.8732663797226208,0.9043519846963175,0.8637015781922525,0.670492587278814,0.632233381157341,0.9866092778574844,0.8995695839311334,0.3333333333333333,0.7211860353897657,0.8732663797226208,0.8637015781922525,0.9569583931133429,0.9866092778574844,0.7211860353897657,0.6432329029172644,0.9191774270683883,0.9392635102821616,0.9483500717360115,0.926829268292683,0.8823529411764706,0.711142993782879,0.5447154471544715,0.3902439024390244,0.8613103778096605,0.9832615973218556,0.6719273075083692,0.7651841224294595,0.9330463892874223,0.65662362505978,0.6422764227642277,0.6556671449067432,0.806312769010043,0.8483978957436633,0.7862266857962698,0.5973218555714969,0.6169296987087518,0.9626972740315638,0.9526972740315638,True
0.01,0.8947871831659493,0.7144906743185079,0.8847441415590627,0.39741750358680056,0.20373027259684362,0.7828790052606408,0.43950263032042086,0.9775227164036346,0.6236250597800096,0.406025824964132,0.6355810616929699,0.2419894787183166,0.44093735054997607,0.20373027259684362,0.43950263032042086,0.8947871831659493,0.406025824964132,0.44093735054997607,0.5361071257771401,0.8072692491630798,0.733142037302726,0.7604017216642754,0.8617886178861789,0.3065518890483023,0.321377331420373,0.5810616929698709,0.38880918220946914,0.45911047345767575,0.4571975131516021,0.9990435198469632,0.4414155906264945,0.7417503586800573,0.7580105212816834,0.6829268292682927,0.5528455284552846,0.6489717838354854,0.6202773792443806,0.5719751315160211,0.7905308464849354,0.7517934002869441,0.5538020086083214,0.5438020086083214,True
0.407197108990292,0.2797704447632712,0.13103778096604496,0.3467240554758489,0.3170731707317073,0.9038737446197992,0.6819703491152559,0.8971783835485414,0.5217599234815877,0.5705404112864658,0.9167862266857962,0.6355810616929699,0.8823529411764706,0.9311334289813487,0.9038737446197992,0.8971783835485414,0.2797704447632712,0.9167862266857962,0.9311334289813487,0.5624103299856528,0.4801530368244859,0.33907221425155426,0.4983261597321856,0.39646102343376377,0.9540889526542324,0.9148732663797227,0.5447154471544715,0.8316594930655189,0.45911047345767575,0.7613582018173123,0.3782879005260641,0.7929220468675275,0.6709708273553324,0.945480631276901,0.6422764227642277,0.59636537541846,0.6489717838354854,0.7503586800573888,0.9359158297465328,0.6121472979435677,0.7250119560019129,0.8699186991869918,0.46272159019669984,True
0.01,0.7996174079387852,0.765662362505978,0.3467240554758489,0.8861788617886179,0.5944524151123864,0.9172644667623147,0.40793878527020566,0.9626972740315638,0.7340985174557628,0.42037302725968434,0.983739837398374,0.6274509803921569,0.5485413677666189,0.5944524151123864,0.40793878527020566,0.7996174079387852,0.42037302725968434,0.5485413677666189,0.9655667144906743,0.9148732663797227,0.9378287900526064,0.9646102343376375,0.9363940698230512,0.7647058823529411,0.6279292204686753,0.8388330942132951,0.8986131037780966,0.994261119081779,0.32568149210903874,0.9990435198469632,0.9316116690578671,0.7953132472501195,0.8603538976566236,0.9799139167862266,0.9770444763271162,0.9823051171688187,0.5781922525107605,0.795791487326638,0.7556193208990913,0.8249641319942611,0.9856527977044476,0.9756527977044476,True
0.0733967870638538,0.2797704447632712,0.26781444285031086,0.3467240554758489,0.18890483022477284,0.5451936872309899,0.28072692491630796,0.5934959349593496,0.5217599234815877,0.8440937350549976,0.8139646102343376,0.7264466762314682,0.7532281205164992,0.8947871831659493,0.5451936872309899,0.5934959349593496,0.2797704447632712,0.8139646102343376,0.8947871831659493,0.47106647537063606,0.42276422764227645,0.5298900047824008,0.681013868962219,0.6771879483500718,0.8584409373505499,0.986131037780966,0.5447154471544715,0.4844571975131516,0.5294117647058824,0.9186991869918699,0.3782879005260641,0.5781922525107605,0.6709708273553324,0.65662362505978,0.6422764227642277,0.8857006217120995,0.6489717838354854,0.9086561453849833,0.3089430894308943,0.3165949306551889,0.3314203730272597,0.46293639406982307,0.38953960700596924,True
0.527639604024191,0.5753228120516499,0.19368723098995697,0.7804878048780488,0.9569583931133429,0.7407938785270206,0.9124820659971306,0.6307986609277858,0.632233381157341,0.7082735533237685,0.3562888570062171,0.7747489239598279,0.3988522238163558,0.3003347680535629,0.7407938785270206,0.6307986609277858,0.5753228120516499,0.3562888570062171,0.3003347680535629,0.47106647537063606,0.9636537541846006,0.929220468675275,0.9789574366331899,0.8627450980392157,0.3065518890483023,0.321377331420373,0.5447154471544715,0.20229555236728838,0.6284074605451937,0.5251076040172167,0.3782879005260641,0.9842180774748924,0.9885222381635581,0.65662362505978,0.6422764227642277,0.5528455284552846,0.6489717838354854,0.5781922525107605,0.7360114777618364,0.7647058823529411,0.8110951697752271,0.9110473457675753,0.3834077417433843,True
0.407197108990292,0.2797704447632712,0.13103778096604496,0.3467240554758489,0.3170731707317073,0.945480631276901,0.6465805834528934,0.9134385461501674,0.5217599234815877,0.5705404112864658,0.9626972740315638,0.6355810616929699,0.8517455762792921,0.9708273553323769,0.945480631276901,0.9134385461501674,0.2797704447632712,0.9626972740315638,0.9708273553323769,0.5624103299856528,0.4796747967479675,0.33907221425155426,0.4983261597321856,0.39646102343376377,0.9516977522716403,0.9124820659971306,0.5447154471544715,0.8297465327594452,0.45911047345767575,0.7551410808225729,0.3782879005260641,0.7895743663318986,0.6709708273553324,0.9450023912003825,0.6422764227642277,0.59636537541846,0.6489717838354854,0.7498804399808704,0.9435676709708274,0.6848397895743663,0.7116212338593975,0.8775705404112865,0.47037343142099447,True
0.96592951927587,0.5648015303682449,0.3118125298900048,0.37637494021999046,0.18890483022477284,0.18794835007173602,0.3472022955523673,0.22764227642276422,0.5217599234815877,0.24868483978957437,0.8713534194165471,0.6355810616929699,0.12003825920612148,0.8474414155906265,0.18794835007173602,0.22764227642276422,0.5648015303682449,0.8713534194165471,0.8474414155906265,0.47106647537063606,0.31898613103778095,0.33907221425155426,0.36059301769488283,0.2864658058345289,0.3065518890483023,0.321377331420373,0.5447154471544715,0.09277857484457197,0.7498804399808704,0.7374461979913917,0.3782879005260641,0.47871831659493064,0.6709708273553324,0.7532281205164992,0.6422764227642277,0.5528455284552846,0.6489717838354854,0.8694404591104734,0.3161166905786705,0.14873266379722622,0.15112386417981827,0.03012912482065997,-0.93580039445521,True
0.527639604024191,0.4044890162368672,0.21442215854823304,0.8228271251193887,0.937440305635148,0.7392550143266475,0.9092645654250239,0.6814708691499523,0.6580706781279847,0.8223495702005731,0.6141356255969437,0.6886341929321872,0.5238777459407832,0.5802292263610315,0.7392550143266475,0.6814708691499523,0.4044890162368672,0.6141356255969437,0.5802292263610315,0.5463228271251194,0.954632282712512,0.8715377268385864,0.893505253104107,0.7191977077363897,0.3022922636103152,0.38872970391595035,0.38825214899713467,0.16571155682903535,0.4594078319006686,0.5601719197707736,0.40830945558739257,0.9703915950334289,0.9732569245463228,0.8868194842406877,0.6404011461318052,0.5253104106972302,0.776981852913085,0.8228271251193887,0.36771728748806115,0.5840496657115568,0.5702005730659025,0.6136580706781279,0.08601846665393698,False
0.407197108990292,0.6069723018147087,0.8638968481375359,0.46752626552053483,0.22540592168099333,0.94603629417383,0.7067812798471824,0.9340974212034384,0.3032473734479465,0.5764087870105062,0.7593123209169055,0.5635148042024832,0.775549188156638,0.7688634192932188,0.94603629417383,0.9340974212034384,0.6069723018147087,0.7593123209169055,0.7688634192932188,0.5463228271251194,0.35959885386819485,0.8715377268385864,0.893505253104107,0.444603629417383,0.8452722063037249,0.873447946513849,0.38825214899713467,0.8710601719197708,0.6934097421203438,0.3137535816618911,0.40830945558739257,0.9188156638013372,0.941738299904489,0.8868194842406877,0.6404011461318052,0.725883476599809,0.7574021012416428,0.8228271251193887,0.9436485195797517,0.9531996179560649,0.9565425023877746,0.7617000955109837,0.35450298652069173,True
0.96592951927587,0.4799426934097421,0.2502387774594078,0.3667621776504298,0.31614135625596945,0.4894937917860554,0.44412607449856734,0.6814708691499523,0.3032473734479465,0.26695319961795605,0.5749761222540593,0.3127984718242598,0.16809933142311365,0.5520534861509073,0.4894937917860554,0.6814708691499523,0.4799426934097421,0.5749761222540593,0.5520534861509073,0.5463228271251194,0.4603629417382999,0.8715377268385864,0.893505253104107,0.12177650429799428,0.23113658070678128,0.2349570200573066,0.437440305635148,0.16571155682903535,0.602196752626552,0.7908309455587392,0.42550143266475643,0.9188156638013372,0.941738299904489,0.8868194842406877,0.6404011461318052,0.5253104106972302,0.7574021012416428,0.87774594078319,0.444603629417383,0.4192932187201528,0.4235912129894938,0.04202483285577841,-0.9239046864200916,True
